{
 "actions": [],
 "allow_rename": 1,
 "creation": "2021-10-30 10:56:26.852190",
 "doctype": "DocType",
 "editable_grid": 1,
 "engine": "InnoDB",
 "field_order": [
  "document",
  "modules",
  "document_name"
 ],
 "fields": [
  {
   "fieldname": "document",
   "fieldtype": "Link",
   "in_list_view": 1,
   "label": "Document",
   "options": "DocType"
  },
  {
   "fieldname": "modules",
   "fieldtype": "Link",
   "in_list_view": 1,
   "label": "Modules",
   "options": "Module Def"
  },
  {
   "fetch_from": "document.name",
   "fieldname": "document_name",
   "fieldtype": "Data",
   "in_list_view": 1,
   "label": "Document Name"
  }
 ],
 "index_web_pages_for_search": 1,
 "istable": 1,
 "links": [],
 "modified": "2021-10-30 12:16:43.394506",
 "modified_by": "Administrator",
 "module": "Ecs Mobile",
 "name": "Mobile User Documents",
 "owner": "Administrator",
 "permissions": [],
 "sort_field": "modified",
 "sort_order": "DESC",
 "track_changes": 1
}