{
 "actions": [],
 "autoname": "autoincrement",
 "creation": "2023-03-05 16:27:39.764569",
 "doctype": "DocType",
 "editable_grid": 1,
 "engine": "InnoDB",
 "field_order": [
  "report_name",
  "module",
  "amended_from"
 ],
 "fields": [
  {
   "fieldname": "report_name",
   "fieldtype": "Data",
   "in_list_view": 1,
   "label": "Report Name"
  },
  {
   "fieldname": "module",
   "fieldtype": "Link",
   "in_list_view": 1,
   "label": "Module",
   "options": "Module Def"
  },
  {
   "fieldname": "amended_from",
   "fieldtype": "Link",
   "label": "Amended From",
   "no_copy": 1,
   "options": "Mobile Reports Table",
   "print_hide": 1,
   "read_only": 1
  }
 ],
 "index_web_pages_for_search": 1,
 "is_submittable": 1,
 "istable": 1,
 "links": [],
 "modified": "2023-08-02 13:18:27.532814",
 "modified_by": "Administrator",
 "module": "Ecs Mobile",
 "name": "Mobile Reports Table",
 "naming_rule": "Autoincrement",
 "owner": "Administrator",
 "permissions": [],
 "sort_field": "modified",
 "sort_order": "DESC",
 "states": []
}