{
 "actions": [],
 "allow_rename": 1,
 "creation": "2021-10-30 11:00:43.547618",
 "doctype": "DocType",
 "editable_grid": 1,
 "engine": "InnoDB",
 "field_order": [
  "modules"
 ],
 "fields": [
  {
   "fieldname": "modules",
   "fieldtype": "Link",
   "in_list_view": 1,
   "label": "Modules",
   "options": "Module Def"
  }
 ],
 "index_web_pages_for_search": 1,
 "istable": 1,
 "links": [],
 "modified": "2021-10-30 11:00:43.547618",
 "modified_by": "Administrator",
 "module": "Ecs Mobile",
 "name": "Mobile user Modules",
 "owner": "Administrator",
 "permissions": [],
 "sort_field": "modified",
 "sort_order": "DESC",
 "track_changes": 1
}