{
 "custom_fields": [
  {
   "_assign": null,
   "_comments": null,
   "_liked_by": null,
   "_user_tags": null,
   "allow_in_quick_entry": 0,
   "allow_on_submit": 0,
   "bold": 0,
   "collapsible": 0,
   "collapsible_depends_on": null,
   "columns": 0,
   "creation": "2022-11-02 11:44:14.997247",
   "default": null,
   "depends_on": null,
   "description": null,
   "docstatus": 0,
   "dt": "Employee Checkin",
   "fetch_from": null,
   "fetch_if_empty": 0,
   "fieldname": "longitude",
   "fieldtype": "Float",
   "hidden": 0,
   "hide_border": 0,
   "hide_days": 0,
   "hide_seconds": 0,
   "idx": 14,
   "ignore_user_permissions": 0,
   "ignore_xss_filter": 0,
   "in_global_search": 0,
   "in_list_view": 0,
   "in_preview": 0,
   "in_standard_filter": 0,
   "insert_after": "shift_actual_end",
   "label": "Longitude",
   "length": 0,
   "mandatory_depends_on": null,
   "modified": "2022-11-02 11:44:14.997247",
   "modified_by": "Administrator",
   "name": "Employee Checkin-longitude",
   "no_copy": 0,
   "non_negative": 0,
   "options": null,
   "owner": "Administrator",
   "parent": null,
   "parentfield": null,
   "parenttype": null,
   "permlevel": 0,
   "precision": "",
   "print_hide": 0,
   "print_hide_if_no_value": 0,
   "print_width": null,
   "read_only": 1,
   "read_only_depends_on": null,
   "report_hide": 0,
   "reqd": 0,
   "search_index": 0,
   "translatable": 0,
   "unique": 0,
   "width": null
  },
  {
   "_assign": null,
   "_comments": null,
   "_liked_by": null,
   "_user_tags": null,
   "allow_in_quick_entry": 0,
   "allow_on_submit": 0,
   "bold": 0,
   "collapsible": 0,
   "collapsible_depends_on": null,
   "columns": 0,
   "creation": "2022-11-02 11:44:15.159072",
   "default": null,
   "depends_on": null,
   "description": null,
   "docstatus": 0,
   "dt": "Employee Checkin",
   "fetch_from": null,
   "fetch_if_empty": 0,
   "fieldname": "latitude",
   "fieldtype": "Float",
   "hidden": 0,
   "hide_border": 0,
   "hide_days": 0,
   "hide_seconds": 0,
   "idx": 15,
   "ignore_user_permissions": 0,
   "ignore_xss_filter": 0,
   "in_global_search": 0,
   "in_list_view": 0,
   "in_preview": 0,
   "in_standard_filter": 0,
   "insert_after": "longitude",
   "label": "Latitude",
   "length": 0,
   "mandatory_depends_on": null,
   "modified": "2022-11-02 11:44:15.159072",
   "modified_by": "Administrator",
   "name": "Employee Checkin-latitude",
   "no_copy": 0,
   "non_negative": 0,
   "options": null,
   "owner": "Administrator",
   "parent": null,
   "parentfield": null,
   "parenttype": null,
   "permlevel": 0,
   "precision": "",
   "print_hide": 0,
   "print_hide_if_no_value": 0,
   "print_width": null,
   "read_only": 1,
   "read_only_depends_on": null,
   "report_hide": 0,
   "reqd": 0,
   "search_index": 0,
   "translatable": 0,
   "unique": 0,
   "width": null
  },
  {
   "_assign": null,
   "_comments": null,
   "_liked_by": null,
   "_user_tags": null,
   "allow_in_quick_entry": 0,
   "allow_on_submit": 0,
   "bold": 0,
   "collapsible": 0,
   "collapsible_depends_on": null,
   "columns": 0,
   "creation": "2022-11-02 11:44:15.277827",
   "default": null,
   "depends_on": null,
   "description": null,
   "docstatus": 0,
   "dt": "Employee Checkin",
   "fetch_from": null,
   "fetch_if_empty": 0,
   "fieldname": "google_map",
   "fieldtype": "HTML",
   "hidden": 0,
   "hide_border": 0,
   "hide_days": 0,
   "hide_seconds": 0,
   "idx": 16,
   "ignore_user_permissions": 0,
   "ignore_xss_filter": 0,
   "in_global_search": 0,
   "in_list_view": 0,
   "in_preview": 0,
   "in_standard_filter": 0,
   "insert_after": "latitude",
   "label": "Google Map",
   "length": 0,
   "mandatory_depends_on": null,
   "modified": "2022-11-02 11:44:15.277827",
   "modified_by": "Administrator",
   "name": "Employee Checkin-google_map",
   "no_copy": 0,
   "non_negative": 0,
   "options": "<a href=\"https://www.google.com/maps/search/?api=1&amp;query={{doc.longitude}},{{doc.latitude}}\">\nClick to see location on Google Map<b>\n</b></a>",
   "owner": "Administrator",
   "parent": null,
   "parentfield": null,
   "parenttype": null,
   "permlevel": 0,
   "precision": "",
   "print_hide": 0,
   "print_hide_if_no_value": 0,
   "print_width": null,
   "read_only": 0,
   "read_only_depends_on": null,
   "report_hide": 0,
   "reqd": 0,
   "search_index": 0,
   "translatable": 0,
   "unique": 0,
   "width": null
  }
 ],
 "custom_perms": [],
 "doctype": "Employee Checkin",
 "property_setters": [],
 "sync_on_migrate": 1
}