{
 "custom_fields": [
  {
   "_assign": null,
   "_comments": null,
   "_liked_by": null,
   "_user_tags": null,
   "allow_in_quick_entry": 0,
   "allow_on_submit": 0,
   "bold": 0,
   "collapsible": 0,
   "collapsible_depends_on": null,
   "columns": 0,
   "creation": "2022-04-09 15:25:23.171594",
   "default": null,
   "depends_on": "eval:doc.payment_type == \"Internal Transfer\"",
   "description": null,
   "docstatus": 0,
   "dt": "Payment Entry",
   "fetch_from": null,
   "fetch_if_empty": 0,
   "fieldname": "mode_of_payment_2",
   "fieldtype": "Link",
   "hidden": 0,
   "hide_border": 0,
   "hide_days": 0,
   "hide_seconds": 0,
   "idx": 8,
   "ignore_user_permissions": 0,
   "ignore_xss_filter": 0,
   "in_global_search": 0,
   "in_list_view": 0,
   "in_preview": 0,
   "in_standard_filter": 0,
   "insert_after": "mode_of_payment",
   "label": "Mode Of Payment 2",
   "length": 0,
   "mandatory_depends_on": null,
   "modified": "2022-04-09 15:25:23.171594",
   "modified_by": "Administrator",
   "name": "Payment Entry-mode_of_payment_2",
   "no_copy": 0,
   "non_negative": 0,
   "options": "Mode of Payment",
   "owner": "Administrator",
   "parent": null,
   "parentfield": null,
   "parenttype": null,
   "permlevel": 0,
   "precision": "",
   "print_hide": 0,
   "print_hide_if_no_value": 0,
   "print_width": null,
   "read_only": 0,
   "read_only_depends_on": null,
   "report_hide": 0,
   "reqd": 0,
   "search_index": 0,
   "translatable": 0,
   "unique": 0,
   "width": null
  }
 ],
 "custom_perms": [],
 "doctype": "Payment Entry",
 "property_setters": [],
 "sync_on_migrate": 1
}